"","date","region","hosp_pred","icu_pred"
"1",2020-03-01,"ARA",8,0
"2",2020-03-02,"ARA",18,1
"3",2020-03-03,"ARA",22,2
"4",2020-03-04,"ARA",32,4
"5",2020-03-05,"ARA",46,5
"6",2020-03-06,"ARA",52,7
"7",2020-03-07,"ARA",57,7
"8",2020-03-08,"ARA",62,9
"9",2020-03-09,"ARA",57,9
"10",2020-03-10,"ARA",67,11
"11",2020-03-11,"ARA",95,14
"12",2020-03-12,"ARA",116,17
"13",2020-03-13,"ARA",147,23
"14",2020-03-14,"ARA",162,28
"15",2020-03-15,"ARA",195,39
"16",2020-03-16,"ARA",288,60
"17",2020-03-17,"ARA",350,74
"18",2020-03-18,"ARA",481,84
"19",2020-03-19,"ARA",577,95
"20",2020-03-20,"ARA",713,103
"21",2020-03-21,"ARA",821,130
"22",2020-03-22,"ARA",982,172
"23",2020-03-23,"ARA",1151,214
"24",2020-03-24,"ARA",1316,263
"25",2020-03-25,"ARA",1536,329
"26",2020-03-26,"ARA",1774,392
"27",2020-03-27,"ARA",2021,452
"28",2020-03-28,"ARA",2171,497
"29",2020-03-29,"ARA",2344,547
"30",2020-03-30,"ARA",2502.91968554127,607
"31",2020-03-31,"ARA",2609.86836605305,646.98654467169
"32",2020-04-01,"ARA",2598.83813661671,676.98654467169
"33",2020-04-02,"ARA",2675.77859875189,691.98654467169
"34",2020-04-03,"ARA",2695.68303633742,711.994959326372
"35",2020-04-04,"ARA",2748.66617963079,719.98790229258
"36",2020-04-05,"ARA",2834.55866903116,720.95478263446
"37",2020-04-06,"ARA",2772.02920574879,704.990971333611
"38",2020-04-07,"ARA",2722.47315623481,692.823787787319
"39",2020-04-08,"ARA",2641.83095854765,681.839100197427
"40",2020-04-09,"ARA",2629.66251607228,664.831712029011
"41",2020-04-10,"ARA",2589.89775034354,649.75928843819
"42",2020-04-11,"ARA",2591.43481492493,646.705824587673
"43",2020-04-12,"ARA",2622.07774463411,640.605438089273
"44",2020-04-13,"ARA",2635.61182476558,626.555660826391
"45",2020-04-14,"ARA",2533.92430675008,602.295954335699
"46",2020-04-15,"ARA",2454.45822214358,583.012353038888
"47",2020-04-16,"ARA",2391.28871102925,563.895541605683
"48",2020-04-17,"ARA",2279.42088890954,535.679839019476
"49",2020-04-18,"ARA",2310.77868861743,540.653331626011
"50",2020-04-19,"ARA",2328.26610109281,542.594303436567
"51",2020-04-20,"ARA",2220.71739559643,521.509407196904
"52",2020-04-21,"ARA",2146.31825892936,488.877061397972
"53",2020-04-22,"ARA",2066.09816077434,456.384367463751
"54",2020-04-23,"ARA",1998.81144066468,439.057729081634
"55",2020-04-24,"ARA",1926.45724840169,416.581310748065
"56",2020-04-25,"ARA",1925.35069267225,415.515530950471
"57",2020-04-26,"ARA",1939.53609416726,408.182818595938
"58",2020-04-27,"ARA",1815.52206324865,373.349418466325
"59",2020-04-28,"ARA",1736.88892131634,364.949732450567
"60",2020-04-29,"ARA",1656.70126502392,350.392303050811
"61",2020-04-30,"ARA",1555.12798993808,334.596040497462
"62",2020-05-01,"ARA",1571.68845975232,325.051191818612
"63",2020-05-02,"ARA",1578.89003849942,325.995878118228
"64",2020-05-03,"ARA",1599.90727045252,322.7864223865
"65",2020-05-04,"ARA",1487.62362368343,300.999229906245
"66",2020-05-05,"ARA",1404.15938561743,282.130571179782
"67",2020-05-06,"ARA",1299.1310451913,264.081640569318
"68",2020-05-07,"ARA",1233.13806625697,239.916693079369
"70",2020-03-01,"BFC",2,0
"71",2020-03-02,"BFC",5,0
"72",2020-03-03,"BFC",7,0
"73",2020-03-04,"BFC",11,0
"74",2020-03-05,"BFC",18,2
"75",2020-03-06,"BFC",28,2
"76",2020-03-07,"BFC",32,2
"77",2020-03-08,"BFC",36,3
"78",2020-03-09,"BFC",48,5
"79",2020-03-10,"BFC",64,6
"80",2020-03-11,"BFC",74,8
"81",2020-03-12,"BFC",88,11
"82",2020-03-13,"BFC",107,10
"83",2020-03-14,"BFC",121,16
"84",2020-03-15,"BFC",143,17
"85",2020-03-16,"BFC",222,36
"86",2020-03-17,"BFC",246,50
"87",2020-03-18,"BFC",298,61
"88",2020-03-19,"BFC",346,70
"89",2020-03-20,"BFC",401,86
"90",2020-03-21,"BFC",475,106
"91",2020-03-22,"BFC",516,107
"92",2020-03-23,"BFC",604,133
"93",2020-03-24,"BFC",674,154
"94",2020-03-25,"BFC",772,180
"95",2020-03-26,"BFC",848,199
"96",2020-03-27,"BFC",938,225
"97",2020-03-28,"BFC",1030,251
"98",2020-03-29,"BFC",1101,273
"99",2020-03-30,"BFC",1132.95368107936,284
"100",2020-03-31,"BFC",1205.93730983763,301.994079655544
"101",2020-04-01,"BFC",1212.92676951853,311.994079655544
"102",2020-04-02,"BFC",1210.88895771238,319.994079655544
"103",2020-04-03,"BFC",1224.83764434868,329.998435593138
"104",2020-04-04,"BFC",1259.83645702804,334.997562267599
"105",2020-04-05,"BFC",1286.77437344234,329.981536626573
"106",2020-04-06,"BFC",1255.51583242502,325.000731764793
"107",2020-04-07,"BFC",1219.22424853959,319.938420757544
"108",2020-04-08,"BFC",1195.96531706272,314.940004382319
"109",2020-04-09,"BFC",1190.89326121684,309.938532248914
"110",2020-04-10,"BFC",1164.49374930074,301.907566804601
"111",2020-04-11,"BFC",1167.22824001645,296.87303576118
"112",2020-04-12,"BFC",1178.98095736648,296.836931119134
"113",2020-04-13,"BFC",1212.87992546325,302.866401052526
"114",2020-04-14,"BFC",1156.08335403848,293.750116867228
"115",2020-04-15,"BFC",1119.46434965455,293.686100061617
"116",2020-04-16,"BFC",1107.90958113212,277.591658509726
"117",2020-04-17,"BFC",1079.28198955534,259.461563682139
"118",2020-04-18,"BFC",1071.80517727654,259.419064130286
"119",2020-04-19,"BFC",1079.50433148008,257.350470645811
"120",2020-04-20,"BFC",1042.6065138399,243.274764607427
"121",2020-04-21,"BFC",995.402673561885,235.077152883443
"122",2020-04-22,"BFC",940.082683141668,221.858565473392
"123",2020-04-23,"BFC",901.8684637062,206.593549375447
"124",2020-04-24,"BFC",876.30109417828,196.354404777617
"125",2020-04-25,"BFC",869.557851274577,188.164201321707
"126",2020-04-26,"BFC",852.838432899171,185.021610312621
"127",2020-04-27,"BFC",799.696679858778,172.72451893531
"128",2020-04-28,"BFC",756.501097324825,160.275854828115
"129",2020-04-29,"BFC",721.589942244468,160.188662331609
"130",2020-04-30,"BFC",680.901406140758,151.803886837709
"131",2020-05-01,"BFC",681.456493755535,147.565214971803
"132",2020-05-02,"BFC",682.088229318038,145.416089918453
"133",2020-05-03,"BFC",685.907984294868,139.064422412236
"134",2020-05-04,"BFC",643.983047223195,129.254855786549
"135",2020-05-05,"BFC",598.896836734122,114.774911558216
"136",2020-05-06,"BFC",561.875200083935,110.353561517781
"137",2020-05-07,"BFC",495.191005247122,109.705092557985
"139",2020-03-01,"BRE",5,0
"140",2020-03-02,"BRE",3,0
"141",2020-03-03,"BRE",8,0
"142",2020-03-04,"BRE",11,2
"143",2020-03-05,"BRE",15,4
"144",2020-03-06,"BRE",19,4
"145",2020-03-07,"BRE",22,4
"146",2020-03-08,"BRE",26,5
"147",2020-03-09,"BRE",31,6
"148",2020-03-10,"BRE",38,10
"149",2020-03-11,"BRE",41,11
"150",2020-03-12,"BRE",51,14
"151",2020-03-13,"BRE",56,17
"152",2020-03-14,"BRE",59,17
"153",2020-03-15,"BRE",78,21
"154",2020-03-16,"BRE",76,25
"155",2020-03-17,"BRE",83,27
"156",2020-03-18,"BRE",96,26
"157",2020-03-19,"BRE",112,28
"158",2020-03-20,"BRE",122,32
"159",2020-03-21,"BRE",143,37
"160",2020-03-22,"BRE",151,34
"161",2020-03-23,"BRE",180,40
"162",2020-03-24,"BRE",193,40
"163",2020-03-25,"BRE",243,46
"164",2020-03-26,"BRE",261,51
"165",2020-03-27,"BRE",279,53
"166",2020-03-28,"BRE",308,59
"167",2020-03-29,"BRE",327,65
"168",2020-03-30,"BRE",327.984702007861,67
"169",2020-03-31,"BRE",337.976551858103,76.9983853606028
"170",2020-04-01,"BRE",357.976992919524,75.9983853606028
"171",2020-04-02,"BRE",358.966944190722,77.9983853606028
"172",2020-04-03,"BRE",358.951107045722,75.9970906338612
"173",2020-04-04,"BRE",365.948299878859,73.99120272942
"174",2020-04-05,"BRE",375.925586371894,70.9858608490781
"175",2020-04-06,"BRE",348.815716553394,61.9856210733338
"176",2020-04-07,"BRE",339.723079765618,59.9634100748791
"177",2020-04-08,"BRE",353.663672954563,58.9677733699088
"178",2020-04-09,"BRE",352.634289936264,54.9638155958715
"179",2020-04-10,"BRE",351.519946512944,53.9570722387854
"180",2020-04-11,"BRE",362.411494270796,51.9427852529465
"181",2020-04-12,"BRE",371.317969545102,54.9388215390772
"182",2020-04-13,"BRE",369.259323502846,56.9483175068452
"183",2020-04-14,"BRE",346.942703214346,54.9266752992875
"184",2020-04-15,"BRE",326.652693962659,52.8955266444489
"185",2020-04-16,"BRE",319.485119280545,50.8826025487823
"186",2020-04-17,"BRE",292.135980945619,47.8589689280926
"187",2020-04-18,"BRE",289.933089490374,45.8425267161174
"188",2020-04-19,"BRE",298.905408621866,46.8398803422205
"189",2020-04-20,"BRE",276.443321404021,39.7942101908708
"190",2020-04-21,"BRE",266.063778191913,38.7623223118727
"191",2020-04-22,"BRE",255.733817904069,38.7489183124007
"192",2020-04-23,"BRE",243.338823748509,33.6619346030058
"193",2020-04-24,"BRE",225.731546090642,32.6348137056963
"194",2020-04-25,"BRE",221.555249589616,31.6157054254415
"195",2020-04-26,"BRE",222.470398340936,29.539635023218
"196",2020-04-27,"BRE",208.835564153214,26.4695415652741
"197",2020-04-28,"BRE",200.35211167624,27.4739827303865
"198",2020-04-29,"BRE",200.096722410819,26.4398281951122
"199",2020-04-30,"BRE",187.169781971001,26.4236533838066
"200",2020-05-01,"BRE",184.936456684212,26.4079794226845
"201",2020-05-02,"BRE",183.503885978731,25.3563362301963
"202",2020-05-03,"BRE",183.313090270861,24.2999664444014
"203",2020-05-04,"BRE",169.055257878855,19.9412358248179
"204",2020-05-05,"BRE",158.906375458997,21.0644091024797
"205",2020-05-06,"BRE",148.703369791449,19.9590715923711
"206",2020-05-07,"BRE",147.444796609701,21.7158155667923
"208",2020-03-01,"COR",0,0
"209",2020-03-02,"COR",0,0
"210",2020-03-03,"COR",0,0
"211",2020-03-04,"COR",0,0
"212",2020-03-05,"COR",1,0
"213",2020-03-06,"COR",4,0
"214",2020-03-07,"COR",6,0
"215",2020-03-08,"COR",6,0
"216",2020-03-09,"COR",6,0
"217",2020-03-10,"COR",7,0
"218",2020-03-11,"COR",7,0
"219",2020-03-12,"COR",12,0
"220",2020-03-13,"COR",14,1
"221",2020-03-14,"COR",14,1
"222",2020-03-15,"COR",10,1
"223",2020-03-16,"COR",10,1
"224",2020-03-17,"COR",25,5
"225",2020-03-18,"COR",41,11
"226",2020-03-19,"COR",41,11
"227",2020-03-20,"COR",43,11
"228",2020-03-21,"COR",48,12
"229",2020-03-22,"COR",52,14
"230",2020-03-23,"COR",55,17
"231",2020-03-24,"COR",62,19
"232",2020-03-25,"COR",67,20
"233",2020-03-26,"COR",69,19
"234",2020-03-27,"COR",76,20
"235",2020-03-28,"COR",80,23
"236",2020-03-29,"COR",83,25
"237",2020-03-30,"COR",83.9987251673218,24
"238",2020-03-31,"COR",87.9975761141357,27
"239",2020-04-01,"COR",87.9972378529675,27
"240",2020-04-02,"COR",91.9963034555573,29
"241",2020-04-03,"COR",90.9935482316322,26.9988910360754
"242",2020-04-04,"COR",92.9932050594456,26.9988910360754
"243",2020-04-05,"COR",89.9871481242548,25.9967542839387
"244",2020-04-06,"COR",88.983144380965,24.9961831817114
"245",2020-04-07,"COR",89.9796839957953,23.9884694380404
"246",2020-04-08,"COR",86.96106021628,23.9900258111461
"247",2020-04-09,"COR",81.9511375442691,23.9904229636194
"248",2020-04-10,"COR",73.9160634388367,20.9839817397869
"249",2020-04-11,"COR",75.9039042028143,19.9803975103962
"250",2020-04-12,"COR",78.8984321846407,21.9831038703421
"251",2020-04-13,"COR",78.8836606874894,21.9835948853861
"252",2020-04-14,"COR",74.8406706721752,19.9695103783438
"253",2020-04-15,"COR",73.807556402651,20.9678494119448
"254",2020-04-16,"COR",73.7970406389719,18.9569144748207
"255",2020-04-17,"COR",59.660637236809,16.9421343024069
"256",2020-04-18,"COR",59.6050877571515,16.9421343024069
"257",2020-04-19,"COR",60.5639099561281,17.93948792851
"258",2020-04-20,"COR",52.4347999218851,15.9256948250617
"259",2020-04-21,"COR",52.40352731625,14.9081797730639
"260",2020-04-22,"COR",49.3344882867134,12.8807374020431
"261",2020-04-23,"COR",49.3124130216576,12.8807374020431
"262",2020-04-24,"COR",43.1364320597893,12.8807374020431
"263",2020-04-25,"COR",44.1432663287666,12.8807374020431
"264",2020-04-26,"COR",45.1500491251285,12.8617471315429
"265",2020-04-27,"COR",38.9566916769207,11.8383826455616
"266",2020-04-28,"COR",33.714986323927,11.8383826455616
"267",2020-04-29,"COR",33.6511390075715,10.8042281102872
"268",2020-04-30,"COR",33.5771064208574,10.8042281102872
"269",2020-05-01,"COR",32.4764887782807,10.8042281102872
"270",2020-05-02,"COR",31.4079340468804,10.8042281102872
"271",2020-05-03,"COR",31.4079340468804,10.8042281102872
"272",2020-05-04,"COR",30.3136974677495,10.8042281102872
"273",2020-05-05,"COR",26.9410471434668,8.57521132371651
"274",2020-05-06,"COR",23.4580696477945,7.42443250751713
"275",2020-05-07,"COR",20.6520510609823,7.42443250751713
"277",2020-03-01,"CVL",0,0
"278",2020-03-02,"CVL",0,0
"279",2020-03-03,"CVL",0,0
"280",2020-03-04,"CVL",2,0
"281",2020-03-05,"CVL",3,0
"282",2020-03-06,"CVL",5,0
"283",2020-03-07,"CVL",6,0
"284",2020-03-08,"CVL",7,0
"285",2020-03-09,"CVL",9,0
"286",2020-03-10,"CVL",11,0
"287",2020-03-11,"CVL",14,0
"288",2020-03-12,"CVL",21,0
"289",2020-03-13,"CVL",28,2
"290",2020-03-14,"CVL",35,5
"291",2020-03-15,"CVL",36,5
"292",2020-03-16,"CVL",42,6
"293",2020-03-17,"CVL",55,8
"294",2020-03-18,"CVL",74,12
"295",2020-03-19,"CVL",101,15
"296",2020-03-20,"CVL",116,24
"297",2020-03-21,"CVL",143,31
"298",2020-03-22,"CVL",171,42
"299",2020-03-23,"CVL",206,58
"300",2020-03-24,"CVL",257,74
"301",2020-03-25,"CVL",292,81
"302",2020-03-26,"CVL",345,90
"303",2020-03-27,"CVL",410,107
"304",2020-03-28,"CVL",466,112
"305",2020-03-29,"CVL",502,120
"306",2020-03-30,"CVL",564.991076171253,144
"307",2020-03-31,"CVL",616.981566782821,159.997308934338
"308",2020-04-01,"CVL",656.984027457781,173.997308934338
"309",2020-04-02,"CVL",696.973374799753,180.997308934338
"310",2020-04-03,"CVL",722.95127184464,184.998969573736
"311",2020-04-04,"CVL",751.950043331089,188.999772469796
"312",2020-04-05,"CVL",761.910673252349,188.993362213386
"313",2020-04-06,"CVL",753.777824574528,185.996549051006
"314",2020-04-07,"CVL",764.654394645037,183.950595763656
"315",2020-04-08,"CVL",791.56180435741,190.969078451277
"316",2020-04-09,"CVL",785.508275410431,184.966517586244
"317",2020-04-10,"CVL",795.336672636929,175.941448561653
"318",2020-04-11,"CVL",833.228188250682,180.930895600376
"319",2020-04-12,"CVL",846.064098847487,178.904119479066
"320",2020-04-13,"CVL",845.91146004359,175.895031185375
"321",2020-04-14,"CVL",834.452492883318,157.753155220964
"322",2020-04-15,"CVL",785.808393403891,152.672821399037
"323",2020-04-16,"CVL",770.455313807178,154.677788860533
"324",2020-04-17,"CVL",736.946349793481,147.61874144674
"325",2020-04-18,"CVL",721.468994096707,147.603287064248
"326",2020-04-19,"CVL",726.205951868139,148.580489899732
"327",2020-04-20,"CVL",706.511850199101,141.542636880541
"328",2020-04-21,"CVL",686.696900279191,133.380957224058
"329",2020-04-22,"CVL",659.976189532989,124.217254556048
"330",2020-04-23,"CVL",648.455905490826,126.217902293824
"331",2020-04-24,"CVL",618.161860441294,123.112491320447
"332",2020-04-25,"CVL",636.072078104146,126.13247894734
"333",2020-04-26,"CVL",645.620646479194,126.113488676839
"334",2020-04-27,"CVL",603.899810724599,120.963231155863
"335",2020-04-28,"CVL",575.147253724584,114.697281194281
"336",2020-04-29,"CVL",548.739071693565,108.452721029678
"337",2020-04-30,"CVL",529.077208215886,105.265971339788
"338",2020-05-01,"CVL",530.540373463428,106.255106481215
"339",2020-05-02,"CVL",535.373524756716,105.188183732602
"340",2020-05-03,"CVL",538.190642062371,104.11836515536
"341",2020-05-04,"CVL",491.98702926409,95.3976736073612
"342",2020-05-05,"CVL",457.018769747865,86.4989362298311
"343",2020-05-06,"CVL",421.458374226654,81.9412622711243
"344",2020-05-07,"CVL",372.75539263661,71.860604479425
"346",2020-03-01,"GES",5,1
"347",2020-03-02,"GES",19,4
"348",2020-03-03,"GES",28,5
"349",2020-03-04,"GES",62,14
"350",2020-03-05,"GES",93,16
"351",2020-03-06,"GES",130,22
"352",2020-03-07,"GES",164,27
"353",2020-03-08,"GES",192,35
"354",2020-03-09,"GES",227,40
"355",2020-03-10,"GES",270,51
"356",2020-03-11,"GES",323,62
"357",2020-03-12,"GES",373,72
"358",2020-03-13,"GES",464,90
"359",2020-03-14,"GES",561,93
"360",2020-03-15,"GES",722,131
"361",2020-03-16,"GES",975,199
"362",2020-03-17,"GES",1185,233
"363",2020-03-18,"GES",1433,280
"364",2020-03-19,"GES",1710,350
"365",2020-03-20,"GES",1996,419
"366",2020-03-21,"GES",2243,458
"367",2020-03-22,"GES",2470,506
"368",2020-03-23,"GES",2812,597
"369",2020-03-24,"GES",3090,667
"370",2020-03-25,"GES",3385,733
"371",2020-03-26,"GES",3635,814
"372",2020-03-27,"GES",3895,862
"373",2020-03-28,"GES",4146,923
"374",2020-03-29,"GES",4287,977
"375",2020-03-30,"GES",4405.84829491129,1018
"376",2020-03-31,"GES",4510.74311613359,1036.9617868676
"377",2020-04-01,"GES",4535.70524662934,1046.9617868676
"378",2020-04-02,"GES",4609.60027845418,1068.9617868676
"379",2020-04-03,"GES",4560.3809503855,1065.95731840318
"380",2020-04-04,"GES",4656.35858921844,1070.93796438236
"381",2020-04-05,"GES",4683.13448261638,1066.89202421142
"382",2020-04-06,"GES",4560.26043850577,1071.97328203138
"383",2020-04-07,"GES",4405.22474321996,1040.7171971998
"384",2020-04-08,"GES",4297.21808130513,1010.71113521739
"385",2020-04-09,"GES",4220.86618475682,980.69157930018
"386",2020-04-10,"GES",4151.99403077042,955.602281245726
"387",2020-04-11,"GES",4152.13672816685,949.526200495274
"388",2020-04-12,"GES",4183.48323920318,963.456889223226
"389",2020-04-13,"GES",4206.00795382751,930.33433130061
"390",2020-04-14,"GES",4033.43639413698,897.99939253046
"391",2020-04-15,"GES",3855.00285328212,847.476743381937
"392",2020-04-16,"GES",3722.13246007394,819.306746414589
"393",2020-04-17,"GES",3518.07522538782,757.877901587002
"394",2020-04-18,"GES",3494.52112303195,746.746901667097
"395",2020-04-19,"GES",3510.37816293281,735.574503873774
"396",2020-04-20,"GES",3352.93804593043,711.492369375413
"397",2020-04-21,"GES",3234.46978035273,687.931422082459
"398",2020-04-22,"GES",3111.16720395136,671.577843119573
"399",2020-04-23,"GES",3003.96099470955,638.978058699992
"400",2020-04-24,"GES",2887.82867416055,602.137979991723
"401",2020-04-25,"GES",2891.99704700151,589.806003290518
"402",2020-04-26,"GES",2904.93130824671,590.625650380878
"403",2020-04-27,"GES",2775.10846697145,562.894503986172
"404",2020-04-28,"GES",2665.74296062515,544.127867532415
"405",2020-04-29,"GES",2586.08744514669,521.27342207869
"406",2020-04-30,"GES",2447.98654893031,500.222521881761
"407",2020-05-01,"GES",2447.22594647804,491.666808344338
"408",2020-05-02,"GES",2461.88391515411,495.628908216297
"409",2020-05-03,"GES",2477.50636733559,494.505294473264
"410",2020-05-04,"GES",2349.62497512057,459.622528281269
"411",2020-05-05,"GES",2221.06215398671,429.643445159457
"412",2020-05-06,"GES",2140.97515126799,386.186497980426
"413",2020-05-07,"GES",2024.87618145021,370.646945360494
"553",2020-03-01,"HDF",6,1
"554",2020-03-02,"HDF",15,7
"555",2020-03-03,"HDF",23,10
"556",2020-03-04,"HDF",38,15
"557",2020-03-05,"HDF",45,25
"558",2020-03-06,"HDF",54,26
"559",2020-03-07,"HDF",62,29
"560",2020-03-08,"HDF",68,31
"561",2020-03-09,"HDF",86,39
"562",2020-03-10,"HDF",111,43
"563",2020-03-11,"HDF",139,50
"564",2020-03-12,"HDF",156,54
"565",2020-03-13,"HDF",197,58
"566",2020-03-14,"HDF",231,65
"567",2020-03-15,"HDF",269,76
"568",2020-03-16,"HDF",346,93
"569",2020-03-17,"HDF",407,111
"570",2020-03-18,"HDF",446,125
"571",2020-03-19,"HDF",549,155
"572",2020-03-20,"HDF",663,190
"573",2020-03-21,"HDF",758,203
"574",2020-03-22,"HDF",848,223
"575",2020-03-23,"HDF",986,257
"576",2020-03-24,"HDF",1119,296
"577",2020-03-25,"HDF",1223,328
"578",2020-03-26,"HDF",1372,374
"579",2020-03-27,"HDF",1533,422
"580",2020-03-28,"HDF",1671,454
"581",2020-03-29,"HDF",1780,497
"582",2020-03-30,"HDF",1864.93030914692,524
"583",2020-03-31,"HDF",1962.89748297185,539.98439181916
"584",2020-04-01,"HDF",2036.89351103909,573.98439181916
"585",2020-04-02,"HDF",2119.85449203393,581.98439181916
"586",2020-04-03,"HDF",2190.77959737476,587.986009693018
"587",2020-04-04,"HDF",2250.77224666021,592.974740976384
"588",2020-04-05,"HDF",2307.66776452817,595.948031574675
"589",2020-04-06,"HDF",2285.24185098778,580.97499108745
"590",2020-04-07,"HDF",2262.73535860936,569.825696551499
"591",2020-04-08,"HDF",2214.1839617722,568.851849070007
"592",2020-04-09,"HDF",2216.05333391737,556.850698864677
"593",2020-04-10,"HDF",2145.25068741692,534.786227163956
"594",2020-04-11,"HDF",2158.79794947023,528.722010625266
"595",2020-04-12,"HDF",2218.54022320065,524.644388621282
"596",2020-04-13,"HDF",2218.14139277757,516.617698096221
"597",2020-04-14,"HDF",2113.53330485652,492.37310700656
"598",2020-04-15,"HDF",2068.3603824718,475.115729994925
"599",2020-04-16,"HDF",2038.43554882808,456.003394168441
"600",2020-04-17,"HDF",1979.16175332834,427.799398478785
"601",2020-04-18,"HDF",2014.51426979725,427.733717353194
"602",2020-04-19,"HDF",2041.08830785102,430.705627440884
"603",2020-04-20,"HDF",1939.80340889326,399.528314287506
"604",2020-04-21,"HDF",1881.77178472236,388.220666099528
"605",2020-04-22,"HDF",1810.85541351665,380.003664619668
"606",2020-04-23,"HDF",1741.70889685492,356.577523749989
"607",2020-04-24,"HDF",1668.66311678961,347.293355205124
"608",2020-04-25,"HDF",1679.95777105601,352.295553571718
"609",2020-04-26,"HDF",1699.48253334963,356.257791671163
"610",2020-04-27,"HDF",1589.08672946106,322.45332854271
"611",2020-04-28,"HDF",1523.44072683971,307.902141812326
"612",2020-04-29,"HDF",1458.94474620665,297.449624191302
"613",2020-04-30,"HDF",1378.49685386245,280.607286552628
"614",2020-05-01,"HDF",1379.70329909691,278.440928736309
"615",2020-05-02,"HDF",1381.78051377146,273.152153661618
"616",2020-05-03,"HDF",1392.73320987124,266.800486155401
"617",2020-05-04,"HDF",1297.92459150493,247.178122595196
"618",2020-05-05,"HDF",1240.26166265382,247.316760745219
"619",2020-05-06,"HDF",1158.76058072317,236.08162041977
"620",2020-05-07,"HDF",1095.429184264,214.955185872397
"622",2020-03-01,"IDF",5,2
"623",2020-03-02,"IDF",14,3
"624",2020-03-03,"IDF",24,4
"625",2020-03-04,"IDF",43,7
"626",2020-03-05,"IDF",53,11
"627",2020-03-06,"IDF",84,17
"628",2020-03-07,"IDF",97,20
"629",2020-03-08,"IDF",116,28
"630",2020-03-09,"IDF",160,43
"631",2020-03-10,"IDF",215,55
"632",2020-03-11,"IDF",272,68
"633",2020-03-12,"IDF",359,88
"634",2020-03-13,"IDF",436,97
"635",2020-03-14,"IDF",714,169
"636",2020-03-15,"IDF",927,232
"637",2020-03-16,"IDF",1141,290
"638",2020-03-17,"IDF",1465,379
"639",2020-03-18,"IDF",1848,443
"640",2020-03-19,"IDF",2274,571
"641",2020-03-20,"IDF",2861,714
"642",2020-03-21,"IDF",3349,826
"643",2020-03-22,"IDF",3871,959
"644",2020-03-23,"IDF",4581,1148
"645",2020-03-24,"IDF",5258,1291
"646",2020-03-25,"IDF",6039,1447
"647",2020-03-26,"IDF",6725,1642
"648",2020-03-27,"IDF",7554,1814
"649",2020-03-28,"IDF",8153,1953
"650",2020-03-29,"IDF",8723,2091
"651",2020-03-30,"IDF",9240.69743971104,2260
"652",2020-03-31,"IDF",9708.49394041137,2421.93379978471
"653",2020-04-01,"IDF",10174.4903146085,2578.93379978471
"654",2020-04-02,"IDF",10462.2689404626,2672.93379978471
"655",2020-04-03,"IDF",10589.908509569,2754.9696447917
"656",2020-04-04,"IDF",10883.8719824807,2817.98127974163
"657",2020-04-05,"IDF",11011.2072338435,2858.86268999804
"658",2020-04-06,"IDF",10943.4271683145,2895.12335674899
"659",2020-04-07,"IDF",10933.555464735,2924.6560674145
"660",2020-04-08,"IDF",10834.4493904127,2875.71111881418
"661",2020-04-09,"IDF",10745.7441490523,2829.71425559074
"662",2020-04-10,"IDF",10600.8605251541,2797.48812652841
"663",2020-04-11,"IDF",10697.6984322031,2761.11469150804
"664",2020-04-12,"IDF",10770.4322461372,2740.62227918887
"665",2020-04-13,"IDF",10789.4162411717,2745.69438409012
"666",2020-04-14,"IDF",10395.1788347761,2663.69695147579
"667",2020-04-15,"IDF",9999.35710977976,2576.57423158287
"668",2020-04-16,"IDF",9748.74647307845,2503.12885844173
"669",2020-04-17,"IDF",9416.70922404137,2401.30197482104
"670",2020-04-18,"IDF",9373.7528406641,2386.93188202609
"671",2020-04-19,"IDF",9396.59612518155,2351.21847348773
"672",2020-04-20,"IDF",9008.27989223199,2269.88133820922
"673",2020-04-21,"IDF",8743.92915644811,2175.86032785591
"674",2020-04-22,"IDF",8448.33531100561,2112.60079237037
"675",2020-04-23,"IDF",8237.91012595051,2045.27862670064
"676",2020-04-24,"IDF",7926.95236403784,1982.60821977713
"677",2020-04-25,"IDF",7868.88728593191,1943.61141032687
"678",2020-04-26,"IDF",7868.82142977215,1927.61360122394
"679",2020-04-27,"IDF",7526.38175486225,1821.98415856073
"680",2020-04-28,"IDF",7233.48854707865,1718.04413777885
"681",2020-04-29,"IDF",6984.24702503208,1652.59911820468
"682",2020-04-30,"IDF",6625.89561193726,1587.47557852804
"683",2020-05-01,"IDF",6591.96558778649,1560.85065069659
"684",2020-05-02,"IDF",6569.97798962484,1541.50852521643
"685",2020-05-03,"IDF",6576.17795218894,1528.67742668525
"686",2020-05-04,"IDF",6276.5638124354,1457.79071613525
"687",2020-05-05,"IDF",6028.41953178695,1371.11900799029
"688",2020-05-06,"IDF",5764.54830374871,1316.88133354671
"689",2020-05-07,"IDF",5518.43374263495,1257.63364891035
"829",2020-03-01,"NAQ",0,0
"830",2020-03-02,"NAQ",0,0
"831",2020-03-03,"NAQ",0,0
"832",2020-03-04,"NAQ",0,0
"833",2020-03-05,"NAQ",4,1
"834",2020-03-06,"NAQ",5,1
"835",2020-03-07,"NAQ",6,1
"836",2020-03-08,"NAQ",7,1
"837",2020-03-09,"NAQ",8,1
"838",2020-03-10,"NAQ",9,1
"839",2020-03-11,"NAQ",13,1
"840",2020-03-12,"NAQ",13,1
"841",2020-03-13,"NAQ",16,2
"842",2020-03-14,"NAQ",26,5
"843",2020-03-15,"NAQ",39,8
"844",2020-03-16,"NAQ",47,9
"845",2020-03-17,"NAQ",61,11
"846",2020-03-18,"NAQ",82,10
"847",2020-03-19,"NAQ",109,17
"848",2020-03-20,"NAQ",156,31
"849",2020-03-21,"NAQ",187,42
"850",2020-03-22,"NAQ",227,52
"851",2020-03-23,"NAQ",275,69
"852",2020-03-24,"NAQ",333,77
"853",2020-03-25,"NAQ",393,93
"854",2020-03-26,"NAQ",441,106
"855",2020-03-27,"NAQ",501,124
"856",2020-03-28,"NAQ",549,136
"857",2020-03-29,"NAQ",585,151
"858",2020-03-30,"NAQ",601.971528736853,160
"859",2020-03-31,"NAQ",626.958391099773,161.992465016146
"860",2020-04-01,"NAQ",653.956071848958,162.992465016146
"861",2020-04-02,"NAQ",668.941116874313,166.992465016146
"862",2020-04-03,"NAQ",658.909284325603,165.991706195085
"863",2020-04-04,"NAQ",685.908666661607,170.992565434729
"864",2020-04-05,"NAQ",701.870810816665,173.988291930455
"865",2020-04-06,"NAQ",681.746517208982,169.994582774074
"866",2020-04-07,"NAQ",677.585359079783,166.947699254166
"867",2020-04-08,"NAQ",646.395930219613,170.959038976502
"868",2020-04-09,"NAQ",657.367304966487,161.950829001746
"869",2020-04-10,"NAQ",634.114015060835,153.927907051766
"870",2020-04-11,"NAQ",639.985631529134,148.89812169305
"871",2020-04-12,"NAQ",654.87523133085,148.874051931685
"872",2020-04-13,"NAQ",665.776796894445,150.884529929541
"873",2020-04-14,"NAQ",626.297512841927,143.82389760412
"874",2020-04-15,"NAQ",591.837806031741,134.735434538801
"875",2020-04-16,"NAQ",574.496186906613,126.688213762855
"876",2020-04-17,"NAQ",565.17386917418,119.6320930732
"877",2020-04-18,"NAQ",571.861878841839,119.616638690708
"878",2020-04-19,"NAQ",586.629996084778,120.613992316811
"879",2020-04-20,"NAQ",566.007524052875,114.583035849344
"880",2020-04-21,"NAQ",534.28960497799,108.463572710356
"881",2020-04-22,"NAQ",507.617199162138,103.36815878386
"882",2020-04-23,"NAQ",490.042907265057,100.30214766104
"883",2020-04-24,"NAQ",464.986556609238,89.0759626349802
"884",2020-04-25,"NAQ",454.471335644113,87.0284117710026
"885",2020-04-26,"NAQ",465.209954905606,83.9238013029174
"886",2020-04-27,"NAQ",439.188405821469,81.8714998157764
"887",2020-04-28,"NAQ",407.617268813277,78.7541315504796
"888",2020-04-29,"NAQ",372.961502998342,73.5516525117419
"889",2020-04-30,"NAQ",336.952109974809,70.4053398501165
"890",2020-05-01,"NAQ",339.772612878009,71.4258229137878
"891",2020-05-02,"NAQ",339.481400098745,70.3741797212995
"892",2020-05-03,"NAQ",344.456429313046,70.3674553255756
"893",2020-05-04,"NAQ",321.280919971469,67.0943694748485
"894",2020-05-05,"NAQ",298.753280450437,60.4159839995127
"895",2020-05-06,"NAQ",283.298647633905,55.9037513468967
"896",2020-05-07,"NAQ",257.415193761721,56.062076348986
"898",2020-03-01,"NOR",0,0
"899",2020-03-02,"NOR",0,0
"900",2020-03-03,"NOR",0,0
"901",2020-03-04,"NOR",1,0
"902",2020-03-05,"NOR",1,0
"903",2020-03-06,"NOR",2,0
"904",2020-03-07,"NOR",3,0
"905",2020-03-08,"NOR",3,0
"906",2020-03-09,"NOR",6,1
"907",2020-03-10,"NOR",10,1
"908",2020-03-11,"NOR",12,1
"909",2020-03-12,"NOR",18,2
"910",2020-03-13,"NOR",23,4
"911",2020-03-14,"NOR",29,5
"912",2020-03-15,"NOR",39,6
"913",2020-03-16,"NOR",56,7
"914",2020-03-17,"NOR",70,11
"915",2020-03-18,"NOR",88,13
"916",2020-03-19,"NOR",112,18
"917",2020-03-20,"NOR",143,27
"918",2020-03-21,"NOR",167,31
"919",2020-03-22,"NOR",197,40
"920",2020-03-23,"NOR",243,54
"921",2020-03-24,"NOR",280,67
"922",2020-03-25,"NOR",333,77
"923",2020-03-26,"NOR",383,88
"924",2020-03-27,"NOR",452,106
"925",2020-03-28,"NOR",514,120
"926",2020-03-29,"NOR",547,131
"927",2020-03-30,"NOR",558.97407840221,151
"928",2020-03-31,"NOR",576.960312849809,158.995694294941
"929",2020-04-01,"NOR",607.962118394552,164.995694294941
"930",2020-04-02,"NOR",622.94978078776,168.995694294941
"931",2020-04-03,"NOR",622.924526961948,168.995285616743
"932",2020-04-04,"NOR",641.923675922489,171.996609690948
"933",2020-04-05,"NOR",650.876734674761,175.993404562743
"934",2020-04-06,"NOR",639.754868512852,174.000837610816
"935",2020-04-07,"NOR",627.632064176589,172.96938157825
"936",2020-04-08,"NOR",618.521889331275,171.974523059832
"937",2020-04-09,"NOR",622.49569165288,165.969182127487
"938",2020-04-10,"NOR",606.324157368937,156.945262173514
"939",2020-04-11,"NOR",596.153000756068,152.926179571246
"940",2020-04-12,"NOR",598.052472618633,153.911486243643
"941",2020-04-13,"NOR",610.988065062565,153.914923348951
"942",2020-04-14,"NOR",562.455004477879,146.858069873787
"943",2020-04-15,"NOR",543.154024163491,140.784321387921
"944",2020-04-16,"NOR",526.898687734762,128.717219896269
"945",2020-04-17,"NOR",514.517866588868,119.652172482476
"946",2020-04-18,"NOR",523.319888544319,123.646420950196
"947",2020-04-19,"NOR",527.155177340226,120.573756909412
"948",2020-04-20,"NOR",488.48624667326,112.521190206338
"949",2020-04-21,"NOR",467.956492690369,109.461458636844
"950",2020-04-22,"NOR",454.48020548443,105.379765895859
"951",2020-04-23,"NOR",430.851905732432,102.313754773038
"952",2020-04-24,"NOR",411.121356172412,95.1639889609522
"953",2020-04-25,"NOR",407.866774268867,94.1168777702935
"954",2020-04-26,"NOR",408.659744293464,95.1074372951549
"955",2020-04-27,"NOR",391.745552647075,86.8982313465908
"956",2020-04-28,"NOR",380.04050386116,79.6382446968929
"957",2020-04-29,"NOR",371.409836179112,74.4674720205212
"958",2020-04-30,"NOR",356.353083194896,72.3672344442199
"959",2020-05-01,"NOR",358.169238460426,68.1599105005579
"960",2020-05-02,"NOR",360.974485083138,68.1446309444333
"961",2020-05-03,"NOR",366.025832580587,68.1446309444333
"962",2020-05-04,"NOR",338.538890649096,63.7891306336813
"963",2020-05-05,"NOR",317.141654192228,57.1107451583455
"964",2020-05-06,"NOR",284.756827642354,51.3568510773486
"965",2020-05-07,"NOR",271.758364978336,51.5151760794379
"967",2020-03-01,"OCC",3,0
"968",2020-03-02,"OCC",7,0
"969",2020-03-03,"OCC",6,1
"970",2020-03-04,"OCC",7,1
"971",2020-03-05,"OCC",7,1
"972",2020-03-06,"OCC",12,2
"973",2020-03-07,"OCC",18,2
"974",2020-03-08,"OCC",20,3
"975",2020-03-09,"OCC",31,6
"976",2020-03-10,"OCC",37,8
"977",2020-03-11,"OCC",45,11
"978",2020-03-12,"OCC",55,12
"979",2020-03-13,"OCC",73,17
"980",2020-03-14,"OCC",81,21
"981",2020-03-15,"OCC",92,27
"982",2020-03-16,"OCC",116,38
"983",2020-03-17,"OCC",142,43
"984",2020-03-18,"OCC",175,49
"985",2020-03-19,"OCC",225,67
"986",2020-03-20,"OCC",270,72
"987",2020-03-21,"OCC",314,89
"988",2020-03-22,"OCC",355,104
"989",2020-03-23,"OCC",446,132
"990",2020-03-24,"OCC",538,154
"991",2020-03-25,"OCC",595,182
"992",2020-03-26,"OCC",681,200
"993",2020-03-27,"OCC",759,229
"994",2020-03-28,"OCC",848,249
"995",2020-03-29,"OCC",903,264
"996",2020-03-30,"OCC",950.96217996388,282
"997",2020-03-31,"OCC",956.932259365804,304.991926803014
"998",2020-04-01,"OCC",979.926717349213,314.991926803014
"999",2020-04-02,"OCC",993.90185367349,316.991926803014
"1000",2020-04-03,"OCC",963.856863678981,312.989077281587
"1001",2020-04-04,"OCC",984.851654306813,301.96131398098
"1002",2020-04-05,"OCC",989.797141890096,296.947425092091
"1003",2020-04-06,"OCC",964.576773329919,290.967274164159
"1004",2020-04-07,"OCC",923.345174216651,274.854029532093
"1005",2020-04-08,"OCC",895.12911621369,267.853445135188
"1006",2020-04-09,"OCC",867.033274976284,268.864065526177
"1007",2020-04-10,"OCC",823.658007458804,243.800047025336
"1008",2020-04-11,"OCC",833.509681922849,240.777430125402
"1009",2020-04-12,"OCC",853.328870186421,243.74137339638
"1010",2020-04-13,"OCC",847.088922238663,245.754306469456
"1011",2020-04-14,"OCC",786.392530806203,227.597315104014
"1012",2020-04-15,"OCC",733.738433504863,224.503810609963
"1013",2020-04-16,"OCC",698.273869704901,213.438695559425
"1014",2020-04-17,"OCC",680.766996968673,206.376721421494
"1015",2020-04-18,"OCC",685.518752683443,207.340511177816
"1016",2020-04-19,"OCC",701.331421960534,207.300209596579
"1017",2020-04-20,"OCC",631.160049218403,196.23477037049
"1018",2020-04-21,"OCC",609.508947299274,187.048389248509
"1019",2020-04-22,"OCC",574.674979705487,171.795657467701
"1020",2020-04-23,"OCC",526.554707720622,159.588522553057
"1021",2020-04-24,"OCC",495.234269400848,140.185450817601
"1022",2020-04-25,"OCC",496.992578924315,139.147673930411
"1023",2020-04-26,"OCC",512.002686824702,140.119243184772
"1024",2020-04-27,"OCC",472.346303552843,131.893319690673
"1025",2020-04-28,"OCC",433.593955407759,124.622928563979
"1026",2020-04-29,"OCC",401.071913769702,124.57536902043
"1027",2020-04-30,"OCC",380.4808704288,126.627082162815
"1028",2020-05-01,"OCC",365.200583439267,121.352253272115
"1029",2020-05-02,"OCC",376.372259926141,119.233687331014
"1030",2020-05-03,"OCC",372.982755496876,115.001483792111
"1031",2020-05-04,"OCC",330.242015184164,107.376127939463
"1032",2020-05-05,"OCC",296.441276468514,97.3715470530242
"1033",2020-05-06,"OCC",280.194541382626,90.6031980741003
"1034",2020-05-07,"OCC",265.793069425201,92.2016170464323
"1036",2020-03-01,"PAC",2,0
"1037",2020-03-02,"PAC",5,0
"1038",2020-03-03,"PAC",11,1
"1039",2020-03-04,"PAC",17,1
"1040",2020-03-05,"PAC",23,1
"1041",2020-03-06,"PAC",26,1
"1042",2020-03-07,"PAC",39,0
"1043",2020-03-08,"PAC",52,2
"1044",2020-03-09,"PAC",67,4
"1045",2020-03-10,"PAC",79,5
"1046",2020-03-11,"PAC",93,7
"1047",2020-03-12,"PAC",118,10
"1048",2020-03-13,"PAC",126,16
"1049",2020-03-14,"PAC",139,20
"1050",2020-03-15,"PAC",163,25
"1051",2020-03-16,"PAC",179,27
"1052",2020-03-17,"PAC",224,37
"1053",2020-03-18,"PAC",264,50
"1054",2020-03-19,"PAC",304,60
"1055",2020-03-20,"PAC",364,74
"1056",2020-03-21,"PAC",413,92
"1057",2020-03-22,"PAC",471,103
"1058",2020-03-23,"PAC",563,123
"1059",2020-03-24,"PAC",650,140
"1060",2020-03-25,"PAC",741,165
"1061",2020-03-26,"PAC",845,191
"1062",2020-03-27,"PAC",975,223
"1063",2020-03-28,"PAC",1109,257
"1064",2020-03-29,"PAC",1200,275
"1065",2020-03-30,"PAC",1269.95028152555,309
"1066",2020-03-31,"PAC",1327.92381915174,339.991926803014
"1067",2020-04-01,"PAC",1397.92237489306,352.991926803014
"1068",2020-04-02,"PAC",1456.88928944334,379.991926803014
"1069",2020-04-03,"PAC",1474.8318757375,381.991772579783
"1070",2020-04-04,"PAC",1527.8308119956,399.007745985612
"1071",2020-04-05,"PAC",1545.72178716217,403.991720344586
"1072",2020-04-06,"PAC",1462.32049523177,399.02316584356
"1073",2020-04-07,"PAC",1472.97511450146,393.889627969626
"1074",2020-04-08,"PAC",1430.59446134413,388.901328019587
"1075",2020-04-09,"PAC",1451.50707922713,400.927895983214
"1076",2020-04-10,"PAC",1421.07064762669,390.884592895348
"1077",2020-04-11,"PAC",1445.78517490875,382.827444951993
"1078",2020-04-12,"PAC",1577.51474892789,388.787424509102
"1079",2020-04-13,"PAC",1594.21804135709,383.774241413127
"1080",2020-04-14,"PAC",1540.21605023113,360.536692576987
"1081",2020-04-15,"PAC",1516.46911714282,346.333425102103
"1082",2020-04-16,"PAC",1475.6046871519,331.243456439503
"1083",2020-04-17,"PAC",1444.75050594853,321.125654715365
"1084",2020-04-18,"PAC",1460.27386725943,330.116577363358
"1085",2020-04-19,"PAC",1483.74282582247,332.044115313501
"1086",2020-04-20,"PAC",1417.07086528445,307.904655179315
"1087",2020-04-21,"PAC",1377.3575718296,293.537275421843
"1088",2020-04-22,"PAC",1336.9866761282,284.319956755946
"1089",2020-04-23,"PAC",1269.89863340405,260.877556007227
"1090",2020-04-24,"PAC",1195.77359604725,258.727121086816
"1091",2020-04-25,"PAC",1202.95579356624,264.711090519793
"1092",2020-04-26,"PAC",1212.0156470344,268.597367537238
"1093",2020-04-27,"PAC",1149.15207172181,252.167810609753
"1094",2020-04-28,"PAC",1049.23725697432,241.676006447803
"1095",2020-04-29,"PAC",973.46070549746,231.255195189145
"1096",2020-04-30,"PAC",909.196166231941,215.515544475364
"1097",2020-05-01,"PAC",905.059973261693,216.473331694547
"1098",2020-05-02,"PAC",917.749932055431,218.469661186651
"1099",2020-05-03,"PAC",926.392079680266,214.224008856301
"1100",2020-05-04,"PAC",851.541774644753,194.61133622259
"1101",2020-05-05,"PAC",816.468348208696,185.755923266942
"1102",2020-05-06,"PAC",777.61658020033,179.033015594109
"1103",2020-05-07,"PAC",731.234766717882,169.585657810767
"1105",2020-03-01,"PDL",0,0
"1106",2020-03-02,"PDL",1,0
"1107",2020-03-03,"PDL",3,0
"1108",2020-03-04,"PDL",3,0
"1109",2020-03-05,"PDL",6,0
"1110",2020-03-06,"PDL",14,1
"1111",2020-03-07,"PDL",15,1
"1112",2020-03-08,"PDL",16,1
"1113",2020-03-09,"PDL",16,2
"1114",2020-03-10,"PDL",18,2
"1115",2020-03-11,"PDL",27,2
"1116",2020-03-12,"PDL",33,2
"1117",2020-03-13,"PDL",37,2
"1118",2020-03-14,"PDL",51,5
"1119",2020-03-15,"PDL",56,5
"1120",2020-03-16,"PDL",58,7
"1121",2020-03-17,"PDL",63,8
"1122",2020-03-18,"PDL",80,13
"1123",2020-03-19,"PDL",95,19
"1124",2020-03-20,"PDL",113,26
"1125",2020-03-21,"PDL",150,30
"1126",2020-03-22,"PDL",205,45
"1127",2020-03-23,"PDL",240,51
"1128",2020-03-24,"PDL",290,57
"1129",2020-03-25,"PDL",355,71
"1130",2020-03-26,"PDL",415,80
"1131",2020-03-27,"PDL",469,90
"1132",2020-03-28,"PDL",526,99
"1133",2020-03-29,"PDL",566,110
"1134",2020-03-30,"PDL",583.969828959949,118
"1135",2020-03-31,"PDL",605.956120643915,122.994079655544
"1136",2020-04-01,"PDL",605.949129913105,124.994079655544
"1137",2020-04-02,"PDL",622.93076320092,126.994079655544
"1138",2020-04-03,"PDL",627.909440782976,128.994705636144
"1139",2020-04-04,"PDL",665.916304379842,127.991184162196
"1140",2020-04-05,"PDL",688.890562405281,130.982637153649
"1141",2020-04-06,"PDL",673.749143770863,131.999133724856
"1142",2020-04-07,"PDL",660.608458396613,127.961495239059
"1143",2020-04-08,"PDL",640.424716852141,128.969582928875
"1144",2020-04-09,"PDL",639.384104946998,127.970082807141
"1145",2020-04-10,"PDL",613.136672140511,114.937574554724
"1146",2020-04-11,"PDL",621.98786152088,113.926871798276
"1147",2020-04-12,"PDL",634.894949352614,112.901448856939
"1148",2020-04-13,"PDL",629.760643827933,106.877380089031
"1149",2020-04-14,"PDL",607.369575135465,107.861749241006
"1150",2020-04-15,"PDL",572.929461806269,102.796188528065
"1151",2020-04-16,"PDL",557.665766200828,93.7464840213708
"1152",2020-04-17,"PDL",518.088731190892,86.6991435041294
"1153",2020-04-18,"PDL",521.89457972108,87.6899784298134
"1154",2020-04-19,"PDL",525.772733434575,87.6832614996071
"1155",2020-04-20,"PDL",489.063296732069,81.6444878999815
"1156",2020-04-21,"PDL",464.329604454943,74.5003232954964
"1157",2020-04-22,"PDL",429.572924749715,72.4594769250036
"1158",2020-04-23,"PDL",408.003098935291,68.3931419332955
"1159",2020-04-24,"PDL",389.12272924134,66.3469162324925
"1160",2020-04-25,"PDL",384.776193397322,67.3380216023434
"1161",2020-04-26,"PDL",386.575946218281,66.3094815364817
"1162",2020-04-27,"PDL",368.679349803587,59.1459301346126
"1163",2020-04-28,"PDL",345.430458752063,56.0077529153239
"1164",2020-04-29,"PDL",327.461402454026,50.8369802389521
"1165",2020-04-30,"PDL",306.919714170933,49.7747303423223
"1166",2020-05-01,"PDL",312.881619993688,49.727708458956
"1167",2020-05-02,"PDL",318.710522823561,50.7182334269458
"1168",2020-05-03,"PDL",322.682914366687,49.6551392454271
"1169",2020-05-04,"PDL",294.019843697803,49.6519089365955
"1170",2020-05-05,"PDL",280.479752085457,50.8010768673866
"1171",2020-05-06,"PDL",260.988806429449,49.695739357278
"1172",2020-05-07,"PDL",232.185862514601,43.935363476307
